{
    "accuracy": 0.640625,
    "f1_score": 0.6193737424547284
}