{
    "accuracy": 0.678125,
    "f1_score": 0.6599690576263414
}