{
    "accuracy": 0.55625,
    "f1_score": 0.5036556631559106
}